PC,Proportion.Variance.Explained
1,0.03588866597192458
2,0.016331167523697225
3,0.006569750823156242
4,0.003745091045255844
5,0.003151788439517911
6,0.002624600985988132
7,0.0024998269396513183
8,0.0024385141852990813
9,0.002420690350229994
10,0.0023878740091931813
