{"tissue_hires_scalef": 0.5546312, "tissue_lowres_scalef": 0.16638935, "fiducial_diameter_fullres": 47.49106630775637, "spot_diameter_fullres": 29.399231523849178}