PC,Proportion.Variance.Explained
1,0.0390341089888092
2,0.01626311391452404
3,0.010877528251557479
4,0.004888652415712932
5,0.0034093177286902395
6,0.0033875284976234363
7,0.0032976288431375246
8,0.0031979905645200877
9,0.003168874384874363
10,0.0031302390321805477
